t_rx,seq,age_gap_ms,x,y,yaw,v,localized,moving,qcar_idx,rosbot_idx,gap,lat_offset,on_path
1787899184.667,8112,-1,-1.121,-0.075,-3.086,0.000,1,0,538,39,1.231,-0.075,1
1787899184.762,8113,94,-1.121,-0.075,-3.086,0.000,1,0,538,39,1.231,-0.075,1
1787899184.863,8114,101,-1.121,-0.075,-3.086,0.000,1,0,538,39,1.231,-0.075,1
1787899185.269,8115,93,-1.121,-0.075,-3.086,0.000,1,0,538,39,1.231,-0.075,1
1787899185.284,8118,314,-1.121,-0.075,-3.086,0.000,1,0,538,39,1.231,-0.075,1
1787899185.390,8119,97,-1.121,-0.075,-3.086,0.000,1,0,538,39,1.231,-0.075,1
1787899185.483,8120,110,-1.121,-0.075,-3.086,0.000,1,0,538,39,1.231,-0.075,1
1787899185.577,8121,84,-1.121,-0.075,-3.086,0.000,1,0,537,39,1.261,-0.075,1
1787899185.686,8122,106,-1.121,-0.075,-3.086,0.000,1,0,538,39,1.231,-0.075,1
1787899185.786,8123,101,-1.121,-0.075,-3.086,0.000,1,0,538,39,1.231,-0.075,1
1787899185.863,8124,93,-1.121,-0.075,-3.086,0.000,1,0,538,39,1.231,-0.075,1
1787899185.964,8125,100,-1.121,-0.075,-3.086,0.000,1,0,538,39,1.231,-0.075,1
1787899186.086,8126,103,-1.121,-0.075,-3.086,0.000,1,0,537,39,1.261,-0.075,1
1787899186.178,8127,91,-1.121,-0.075,-3.086,0.000,1,0,538,39,1.231,-0.075,1
1787899186.263,8128,106,-1.121,-0.075,-3.086,0.000,1,0,538,39,1.231,-0.075,1
1787899186.381,8129,107,-1.121,-0.075,-3.086,0.000,1,0,537,39,1.261,-0.075,1
1787899186.463,8130,97,-1.121,-0.075,-3.086,0.000,1,0,538,39,1.231,-0.075,1
1787899186.562,8131,96,-1.121,-0.075,-3.086,0.000,1,0,537,39,1.261,-0.075,1
1787899186.662,8132,100,-1.121,-0.075,-3.086,0.000,1,0,538,39,1.231,-0.075,1
1787899186.762,8133,101,-1.121,-0.075,-3.086,0.000,1,0,538,39,1.231,-0.075,1
1787899186.864,8134,104,-1.121,-0.075,-3.086,0.000,1,0,538,39,1.231,-0.075,1
1787899186.973,8135,102,-1.121,-0.075,-3.086,0.000,1,0,537,39,1.261,-0.075,1
1787899187.064,8136,93,-1.121,-0.075,-3.086,0.000,1,0,537,39,1.261,-0.075,1
1787899187.163,8137,100,-1.121,-0.075,-3.086,0.000,1,0,538,39,1.231,-0.075,1
1787899187.265,8138,100,-1.121,-0.075,-3.086,0.000,1,0,537,39,1.261,-0.075,1
1787899187.369,8139,101,-1.121,-0.075,-3.086,0.000,1,0,538,39,1.231,-0.075,1
1787899187.463,8140,95,-1.121,-0.075,-3.086,0.000,1,0,538,39,1.231,-0.075,1
1787899187.563,8141,104,-1.121,-0.075,-3.086,0.000,1,0,538,39,1.231,-0.075,1
1787899187.680,8142,103,-1.121,-0.075,-3.086,0.000,1,0,538,39,1.231,-0.075,1
1787899187.764,8143,99,-1.121,-0.075,-3.086,0.000,1,0,537,39,1.261,-0.075,1
1787899187.862,8144,98,-1.121,-0.075,-3.086,0.000,1,0,537,39,1.261,-0.075,1
1787899187.962,8145,100,-1.121,-0.075,-3.086,0.000,1,0,538,39,1.231,-0.075,1
1787899188.062,8146,100,-1.121,-0.075,-3.086,0.000,1,0,538,39,1.231,-0.075,1
1787899188.162,8147,100,-1.121,-0.075,-3.086,0.000,1,0,538,39,1.231,-0.075,1
1787899188.263,8148,102,-1.121,-0.075,-3.086,0.000,1,0,538,39,1.231,-0.075,1
1787899188.370,8149,99,-1.121,-0.075,-3.086,0.000,1,0,538,39,1.231,-0.075,1
1787899188.463,8150,99,-1.121,-0.075,-3.086,0.000,1,0,537,39,1.261,-0.075,1
1787899188.563,8151,100,-1.121,-0.075,-3.086,0.000,1,0,537,39,1.261,-0.075,1
1787899188.663,8152,101,-1.121,-0.075,-3.086,0.000,1,0,538,39,1.231,-0.075,1
1787899188.763,8153,99,-1.121,-0.075,-3.086,0.000,1,0,538,39,1.231,-0.075,1
1787899188.863,8154,100,-1.121,-0.075,-3.086,0.000,1,0,537,39,1.261,-0.075,1
1787899188.963,8155,100,-1.121,-0.075,-3.086,0.000,1,0,538,39,1.231,-0.075,1
1787899189.063,8156,98,-1.121,-0.075,-3.086,0.000,1,0,537,39,1.261,-0.075,1
1787899189.162,8157,100,-1.121,-0.075,-3.086,0.000,1,0,538,39,1.231,-0.075,1
1787899189.263,8158,102,-1.121,-0.075,-3.086,0.000,1,0,538,39,1.231,-0.075,1
1787899189.363,8159,100,-1.121,-0.075,-3.086,0.000,1,0,538,39,1.231,-0.075,1
1787899189.464,8160,99,-1.121,-0.075,-3.086,0.000,1,0,538,39,1.231,-0.075,1
1787899189.563,8161,102,-1.121,-0.075,-3.086,0.000,1,0,538,39,1.231,-0.075,1
1787899189.663,8162,96,-1.121,-0.075,-3.086,0.000,1,0,537,39,1.261,-0.075,1
1787899189.763,8163,102,-1.121,-0.075,-3.086,0.000,1,0,538,39,1.231,-0.075,1
1787899189.863,8164,98,-1.121,-0.075,-3.086,0.000,1,0,538,39,1.231,-0.075,1
1787899189.963,8165,103,-1.121,-0.075,-3.086,0.000,1,0,538,39,1.231,-0.075,1
1787899190.062,8166,100,-1.121,-0.075,-3.086,0.000,1,0,538,39,1.231,-0.075,1
1787899190.163,8167,100,-1.121,-0.075,-3.086,0.000,1,0,538,39,1.231,-0.075,1
1787899190.263,8168,100,-1.121,-0.075,-3.086,0.000,1,0,538,39,1.231,-0.075,1
1787899190.364,8169,101,-1.121,-0.075,-3.086,0.000,1,0,537,39,1.261,-0.075,1
1787899190.464,8170,101,-1.121,-0.075,-3.086,0.000,1,0,538,39,1.231,-0.075,1
1787899190.563,8171,95,-1.121,-0.075,-3.086,0.000,1,0,538,39,1.231,-0.075,1
1787899190.663,8172,100,-1.121,-0.075,-3.086,0.000,1,0,537,39,1.261,-0.075,1
1787899190.763,8173,103,-1.121,-0.075,-3.086,0.000,1,0,537,39,1.261,-0.075,1
1787899190.862,8174,100,-1.121,-0.075,-3.086,0.000,1,0,538,39,1.231,-0.075,1
1787899190.963,8175,100,-1.121,-0.075,-3.086,0.000,1,0,538,39,1.231,-0.075,1
1787899191.062,8176,101,-1.121,-0.075,-3.086,0.000,1,0,538,39,1.231,-0.075,1
1787899191.163,8177,99,-1.121,-0.075,-3.086,0.000,1,0,537,39,1.261,-0.075,1
1787899191.263,8178,94,-1.121,-0.075,-3.086,0.000,1,0,538,39,1.231,-0.075,1
1787899191.363,8179,106,-1.121,-0.075,-3.086,0.000,1,0,537,39,1.261,-0.075,1
1787899191.463,8180,97,-1.121,-0.075,-3.086,0.000,1,0,537,39,1.261,-0.075,1
1787899191.564,8181,103,-1.121,-0.075,-3.086,0.000,1,0,538,39,1.231,-0.075,1
1787899191.663,8182,100,-1.121,-0.075,-3.086,0.000,1,0,537,39,1.261,-0.075,1
1787899191.763,8183,93,-1.121,-0.075,-3.086,0.000,1,0,537,39,1.261,-0.075,1
1787899191.864,8184,104,-1.121,-0.075,-3.086,0.000,1,0,538,39,1.231,-0.075,1
1787899191.962,8185,106,-1.121,-0.075,-3.086,0.000,1,0,538,39,1.231,-0.075,1
1787899192.063,8186,94,-1.121,-0.075,-3.086,0.000,1,0,537,39,1.261,-0.075,1
1787899192.163,8187,104,-1.121,-0.075,-3.086,0.000,1,0,538,39,1.231,-0.075,1
1787899192.263,8188,99,-1.121,-0.075,-3.086,0.000,1,0,537,39,1.261,-0.075,1
1787899192.363,8189,100,-1.121,-0.075,-3.086,0.000,1,0,537,39,1.261,-0.075,1
1787899192.463,8190,101,-1.121,-0.075,-3.086,0.000,1,0,538,39,1.231,-0.075,1
1787899192.563,8191,98,-1.121,-0.075,-3.086,0.000,1,0,538,39,1.231,-0.075,1
1787899192.662,8192,100,-1.121,-0.075,-3.086,0.000,1,0,538,39,1.231,-0.075,1
1787899192.762,8193,101,-1.121,-0.075,-3.086,0.000,1,0,537,39,1.261,-0.075,1
1787899192.862,8194,99,-1.121,-0.075,-3.086,0.000,1,0,537,39,1.261,-0.075,1
1787899192.962,8195,100,-1.121,-0.075,-3.086,0.000,1,0,537,39,1.261,-0.075,1
1787899193.062,8196,101,-1.121,-0.075,-3.086,0.000,1,0,537,39,1.261,-0.075,1
1787899193.162,8197,101,-1.121,-0.075,-3.086,0.000,1,0,538,39,1.231,-0.075,1
1787899193.262,8198,99,-1.121,-0.075,-3.086,0.000,1,0,538,39,1.231,-0.075,1
1787899193.362,8199,100,-1.121,-0.075,-3.086,0.000,1,0,538,39,1.231,-0.075,1
1787899193.462,8200,101,-1.121,-0.075,-3.086,0.000,1,0,537,39,1.261,-0.075,1
1787899193.562,8201,98,-1.121,-0.075,-3.086,0.000,1,0,537,39,1.261,-0.075,1
1787899193.662,8202,100,-1.121,-0.075,-3.086,0.000,1,0,538,39,1.231,-0.075,1
1787899193.764,8203,97,-1.121,-0.075,-3.086,0.000,1,0,538,39,1.231,-0.075,1
1787899193.864,8204,103,-1.121,-0.075,-3.086,0.000,1,0,537,39,1.261,-0.075,1
1787899193.963,8205,100,-1.121,-0.075,-3.086,0.000,1,0,537,39,1.261,-0.075,1
1787899194.062,8206,100,-1.121,-0.075,-3.086,0.000,1,0,537,39,1.261,-0.075,1
1787899194.162,8207,99,-1.121,-0.075,-3.086,0.000,1,0,537,39,1.261,-0.075,1
1787899194.262,8208,100,-1.121,-0.075,-3.086,0.000,1,0,537,39,1.261,-0.075,1
1787899194.362,8209,102,-1.121,-0.075,-3.086,0.000,1,0,538,39,1.231,-0.075,1
1787899194.463,8210,99,-1.121,-0.075,-3.086,0.000,1,0,538,39,1.231,-0.075,1
1787899194.564,8211,100,-1.121,-0.075,-3.086,0.000,1,0,537,39,1.261,-0.075,1
1787899194.664,8212,101,-1.121,-0.075,-3.086,0.000,1,0,537,39,1.261,-0.075,1
1787899194.763,8213,93,-1.121,-0.075,-3.086,0.000,1,0,537,39,1.261,-0.075,1
1787899194.864,8214,105,-1.121,-0.075,-3.086,0.000,1,0,538,39,1.231,-0.075,1
1787899194.964,8215,101,-1.121,-0.075,-3.086,0.000,1,0,538,39,1.231,-0.075,1
1787899195.064,8216,101,-1.121,-0.075,-3.086,0.000,1,0,537,39,1.261,-0.075,1
1787899195.164,8217,98,-1.121,-0.075,-3.086,0.000,1,0,537,39,1.261,-0.075,1
1787899195.262,8218,99,-1.121,-0.075,-3.086,0.000,1,0,537,39,1.261,-0.075,1
1787899195.364,8219,102,-1.121,-0.075,-3.086,0.000,1,0,538,39,1.231,-0.075,1
1787899195.463,8220,100,-1.121,-0.075,-3.086,0.000,1,0,537,39,1.261,-0.075,1
1787899195.563,8221,99,-1.121,-0.075,-3.086,0.000,1,0,537,39,1.261,-0.075,1
1787899195.663,8222,101,-1.121,-0.075,-3.086,0.000,1,0,537,39,1.261,-0.075,1
1787899195.762,8223,97,-1.121,-0.075,-3.086,0.000,1,0,538,39,1.231,-0.075,1
1787899195.863,8224,103,-1.121,-0.075,-3.086,0.000,1,0,537,39,1.261,-0.075,1
1787899195.964,8225,101,-1.121,-0.075,-3.086,0.000,1,0,537,39,1.261,-0.075,1
1787899196.063,8226,97,-1.121,-0.075,-3.086,0.000,1,0,537,39,1.261,-0.075,1
1787899196.163,8227,99,-1.121,-0.075,-3.086,0.000,1,0,537,39,1.261,-0.075,1
1787899196.262,8228,103,-1.121,-0.075,-3.086,0.000,1,0,538,39,1.231,-0.075,1
1787899196.362,8229,101,-1.121,-0.075,-3.086,0.000,1,0,538,39,1.231,-0.075,1
1787899196.462,8230,99,-1.121,-0.075,-3.086,0.000,1,0,538,39,1.231,-0.075,1
1787899196.563,8231,100,-1.121,-0.075,-3.086,0.000,1,0,537,39,1.261,-0.075,1
1787899196.663,8232,98,-1.121,-0.075,-3.086,0.000,1,0,537,39,1.261,-0.075,1
1787899196.762,8233,107,-1.121,-0.075,-3.086,0.000,1,0,537,39,1.261,-0.075,1
1787899196.862,8234,95,-1.121,-0.075,-3.086,0.000,1,0,538,39,1.231,-0.075,1
1787899196.962,8235,100,-1.121,-0.075,-3.086,0.000,1,0,538,39,1.231,-0.075,1
1787899197.063,8236,102,-1.121,-0.075,-3.086,0.000,1,0,537,39,1.261,-0.075,1
1787899197.163,8237,93,-1.121,-0.075,-3.086,0.000,1,0,538,39,1.231,-0.075,1
1787899197.263,8238,106,-1.121,-0.075,-3.086,0.000,1,0,537,39,1.261,-0.075,1
1787899197.363,8239,101,-1.121,-0.075,-3.086,0.000,1,0,538,39,1.231,-0.075,1
1787899197.463,8240,98,-1.121,-0.075,-3.086,0.000,1,0,538,39,1.231,-0.075,1
1787899197.564,8241,100,-1.121,-0.075,-3.086,0.000,1,0,538,39,1.231,-0.075,1
1787899197.662,8242,99,-1.121,-0.075,-3.086,0.000,1,0,537,39,1.261,-0.075,1
1787899197.763,8243,97,-1.121,-0.075,-3.086,0.000,1,0,538,39,1.231,-0.075,1
1787899197.862,8244,105,-1.121,-0.075,-3.086,0.000,1,0,538,39,1.231,-0.075,1
1787899197.963,8245,99,-1.121,-0.075,-3.086,0.000,1,0,538,39,1.231,-0.075,1
1787899198.063,8246,101,-1.121,-0.075,-3.086,0.000,1,0,538,39,1.231,-0.075,1
1787899198.164,8247,96,-1.121,-0.075,-3.086,0.000,1,0,538,39,1.231,-0.075,1
1787899198.264,8248,99,-1.121,-0.075,-3.086,0.000,1,0,538,39,1.231,-0.075,1
1787899198.362,8249,103,-1.121,-0.075,-3.086,0.000,1,0,537,39,1.261,-0.075,1
1787899198.464,8250,98,-1.121,-0.075,-3.086,0.000,1,0,537,39,1.261,-0.075,1
1787899198.565,8251,100,-1.121,-0.075,-3.086,0.000,1,0,537,39,1.261,-0.075,1
1787899198.665,8252,101,-1.121,-0.075,-3.086,0.000,1,0,537,39,1.261,-0.075,1
1787899198.762,8253,104,-1.121,-0.075,-3.086,0.000,1,0,538,39,1.231,-0.075,1
1787899198.863,8254,98,-1.121,-0.075,-3.086,0.000,1,0,538,39,1.231,-0.075,1
1787899198.962,8255,97,-1.121,-0.075,-3.086,0.000,1,0,537,39,1.261,-0.075,1
1787899199.063,8256,105,-1.121,-0.075,-3.086,0.000,1,0,537,39,1.261,-0.075,1
1787899199.163,8257,99,-1.121,-0.075,-3.086,0.000,1,0,537,39,1.261,-0.075,1
1787899199.262,8258,101,-1.121,-0.075,-3.086,0.000,1,0,537,39,1.261,-0.075,1
1787899199.363,8259,95,-1.121,-0.075,-3.086,0.000,1,0,538,39,1.231,-0.075,1
1787899199.463,8260,103,-1.121,-0.075,-3.086,0.000,1,0,538,39,1.231,-0.075,1
1787899199.563,8261,100,-1.121,-0.075,-3.086,0.000,1,0,537,39,1.261,-0.075,1
1787899199.662,8262,100,-1.121,-0.075,-3.086,0.000,1,0,537,39,1.261,-0.075,1
1787899199.762,8263,99,-1.121,-0.075,-3.086,0.000,1,0,538,39,1.231,-0.075,1
1787899199.863,8264,99,-1.121,-0.075,-3.086,0.000,1,0,537,39,1.261,-0.075,1
1787899199.963,8265,97,-1.121,-0.075,-3.086,0.000,1,0,537,39,1.261,-0.075,1
1787899200.063,8266,103,-1.121,-0.075,-3.086,0.000,1,0,537,39,1.261,-0.075,1
1787899200.162,8267,98,-1.121,-0.075,-3.086,0.000,1,0,537,39,1.261,-0.075,1
1787899200.263,8268,103,-1.121,-0.075,-3.086,0.000,1,0,538,39,1.231,-0.075,1
1787899200.362,8269,102,-1.121,-0.075,-3.086,0.000,1,0,538,39,1.231,-0.075,1
1787899200.462,8270,98,-1.121,-0.075,-3.086,0.000,1,0,537,39,1.261,-0.075,1
1787899200.563,8271,100,-1.121,-0.075,-3.086,0.000,1,0,537,39,1.261,-0.075,1
1787899200.662,8272,102,-1.121,-0.075,-3.086,0.000,1,0,537,39,1.261,-0.075,1
1787899200.763,8273,98,-1.121,-0.075,-3.086,0.000,1,0,538,39,1.231,-0.075,1
1787899200.863,8274,101,-1.121,-0.075,-3.086,0.000,1,0,538,39,1.231,-0.075,1
1787899200.963,8275,94,-1.121,-0.075,-3.086,0.000,1,0,538,39,1.231,-0.075,1
1787899201.064,8276,106,-1.121,-0.075,-3.086,0.000,1,0,537,39,1.261,-0.075,1
1787899201.163,8277,96,-1.121,-0.075,-3.086,0.000,1,0,537,39,1.261,-0.075,1
1787899201.264,8278,102,-1.121,-0.075,-3.086,0.000,1,0,538,39,1.231,-0.075,1
1787899201.363,8279,97,-1.121,-0.075,-3.086,0.000,1,0,538,39,1.231,-0.075,1
1787899201.463,8280,104,-1.121,-0.075,-3.086,0.000,1,0,538,39,1.231,-0.075,1
1787899201.564,8281,100,-1.121,-0.075,-3.086,0.000,1,0,537,39,1.261,-0.075,1
1787899201.663,8282,101,-1.121,-0.075,-3.086,0.000,1,0,537,39,1.261,-0.075,1
1787899201.764,8283,96,-1.121,-0.075,-3.086,0.000,1,0,538,39,1.231,-0.075,1
1787899201.862,8284,104,-1.121,-0.075,-3.086,0.000,1,0,538,39,1.231,-0.075,1
1787899201.963,8285,98,-1.121,-0.075,-3.086,0.000,1,0,538,39,1.231,-0.075,1
1787899202.062,8286,100,-1.121,-0.075,-3.086,0.000,1,0,537,39,1.261,-0.075,1
1787899202.163,8287,100,-1.121,-0.075,-3.086,0.000,1,0,537,39,1.261,-0.075,1
1787899202.263,8288,100,-1.121,-0.075,-3.086,0.000,1,0,537,39,1.261,-0.075,1
1787899202.362,8289,100,-1.121,-0.075,-3.086,0.000,1,0,537,39,1.261,-0.075,1
1787899202.463,8290,100,-1.121,-0.075,-3.086,0.000,1,0,537,39,1.261,-0.075,1
1787899202.563,8291,100,-1.121,-0.075,-3.086,0.000,1,0,537,39,1.261,-0.075,1
1787899202.663,8292,100,-1.121,-0.075,-3.086,0.000,1,0,538,39,1.231,-0.075,1
1787899202.762,8293,100,-1.121,-0.075,-3.086,0.000,1,0,537,39,1.261,-0.075,1
1787899202.863,8294,100,-1.121,-0.075,-3.086,0.000,1,0,537,39,1.261,-0.075,1
1787899202.963,8295,100,-1.121,-0.075,-3.086,0.000,1,0,537,39,1.261,-0.075,1
1787899203.063,8296,100,-1.121,-0.075,-3.086,0.000,1,0,538,39,1.231,-0.075,1
1787899203.163,8297,102,-1.121,-0.075,-3.086,0.000,1,0,537,39,1.261,-0.075,1
1787899203.263,8298,98,-1.121,-0.075,-3.086,0.000,1,0,538,39,1.231,-0.075,1
1787899203.363,8299,100,-1.121,-0.075,-3.086,0.000,1,0,537,39,1.261,-0.075,1
1787899203.462,8300,100,-1.121,-0.075,-3.086,0.000,1,0,537,39,1.261,-0.075,1
1787899203.562,8301,100,-1.121,-0.075,-3.086,0.000,1,0,538,39,1.231,-0.075,1
1787899203.663,8302,100,-1.121,-0.075,-3.086,0.000,1,0,538,39,1.231,-0.075,1
1787899203.762,8303,102,-1.121,-0.075,-3.086,0.000,1,0,537,39,1.261,-0.075,1
1787899203.862,8304,99,-1.121,-0.075,-3.086,0.000,1,0,538,39,1.231,-0.075,1
1787899203.962,8305,100,-1.121,-0.075,-3.086,0.000,1,0,538,39,1.231,-0.075,1
1787899204.063,8306,100,-1.121,-0.075,-3.086,0.000,1,0,538,39,1.231,-0.075,1
1787899204.163,8307,100,-1.121,-0.075,-3.086,0.000,1,0,538,39,1.231,-0.075,1
1787899204.264,8308,100,-1.121,-0.075,-3.086,0.000,1,0,537,39,1.261,-0.075,1
1787899204.364,8309,100,-1.121,-0.075,-3.086,0.000,1,0,538,39,1.231,-0.075,1
1787899204.463,8310,100,-1.121,-0.075,-3.086,0.000,1,0,538,39,1.231,-0.075,1
1787899204.563,8311,100,-1.121,-0.075,-3.086,0.000,1,0,538,39,1.231,-0.075,1
1787899204.664,8312,102,-1.121,-0.075,-3.086,0.000,1,0,538,39,1.231,-0.075,1
1787899204.763,8313,98,-1.121,-0.075,-3.086,0.000,1,0,537,39,1.261,-0.075,1
1787899204.863,8314,100,-1.121,-0.075,-3.086,0.000,1,0,538,39,1.231,-0.075,1
1787899204.964,8315,100,-1.121,-0.075,-3.086,0.000,1,0,538,39,1.231,-0.075,1
1787899205.063,8316,101,-1.121,-0.075,-3.086,0.000,1,0,537,39,1.261,-0.075,1
1787899205.163,8317,101,-1.121,-0.075,-3.086,0.000,1,0,538,39,1.231,-0.075,1
1787899205.262,8318,98,-1.121,-0.075,-3.086,0.000,1,0,538,39,1.231,-0.075,1
1787899205.363,8319,100,-1.121,-0.075,-3.086,0.000,1,0,538,39,1.231,-0.075,1
1787899205.463,8320,100,-1.121,-0.075,-3.086,0.000,1,0,537,39,1.261,-0.075,1
1787899205.563,8321,100,-1.121,-0.075,-3.086,0.000,1,0,538,39,1.231,-0.075,1
1787899205.665,8322,100,-1.121,-0.075,-3.086,0.000,1,0,537,39,1.261,-0.075,1
1787899205.763,8323,100,-1.121,-0.075,-3.086,0.000,1,0,537,39,1.261,-0.075,1
1787899205.863,8324,100,-1.121,-0.075,-3.086,0.000,1,0,538,39,1.231,-0.075,1
1787899205.962,8325,100,-1.121,-0.075,-3.086,0.000,1,0,537,39,1.261,-0.075,1
1787899206.063,8326,100,-1.121,-0.075,-3.086,0.000,1,0,537,39,1.261,-0.075,1
1787899206.163,8327,100,-1.121,-0.075,-3.086,0.000,1,0,537,39,1.261,-0.075,1
1787899206.263,8328,100,-1.121,-0.075,-3.086,0.000,1,0,537,39,1.261,-0.075,1
1787899206.362,8329,100,-1.121,-0.075,-3.086,0.000,1,0,537,39,1.261,-0.075,1
1787899206.462,8330,100,-1.121,-0.075,-3.086,0.000,1,0,537,39,1.261,-0.075,1
1787899206.562,8331,102,-1.121,-0.075,-3.086,0.000,1,0,538,39,1.231,-0.075,1
1787899206.662,8332,98,-1.121,-0.075,-3.086,0.000,1,0,537,39,1.261,-0.075,1
1787899206.762,8333,100,-1.121,-0.075,-3.086,0.000,1,0,537,39,1.261,-0.075,1
1787899206.862,8334,100,-1.121,-0.075,-3.086,0.000,1,0,537,39,1.261,-0.075,1
1787899206.962,8335,100,-1.121,-0.075,-3.086,0.000,1,0,537,39,1.261,-0.075,1
1787899207.063,8336,100,-1.121,-0.075,-3.086,0.000,1,0,537,39,1.261,-0.075,1
1787899207.163,8337,101,-1.121,-0.075,-3.086,0.000,1,0,537,39,1.261,-0.075,1
1787899207.263,8338,101,-1.121,-0.075,-3.086,0.000,1,0,537,39,1.261,-0.075,1
1787899207.365,8339,98,-1.121,-0.075,-3.086,0.000,1,0,537,39,1.261,-0.075,1
1787899207.464,8340,100,-1.121,-0.075,-3.086,0.000,1,0,537,39,1.261,-0.075,1
1787899207.565,8341,100,-1.121,-0.075,-3.086,0.000,1,0,537,39,1.261,-0.075,1
1787899207.663,8342,100,-1.121,-0.075,-3.086,0.000,1,0,538,39,1.231,-0.075,1
1787899207.764,8343,100,-1.121,-0.075,-3.086,0.000,1,0,538,39,1.231,-0.075,1
1787899207.864,8344,99,-1.121,-0.075,-3.086,0.000,1,0,538,39,1.231,-0.075,1
1787899207.963,8345,101,-1.121,-0.075,-3.086,0.000,1,0,537,39,1.261,-0.075,1
1787899208.063,8346,99,-1.121,-0.075,-3.086,0.000,1,0,538,39,1.231,-0.075,1
1787899208.165,8347,100,-1.121,-0.075,-3.086,0.000,1,0,537,39,1.261,-0.075,1
1787899208.263,8348,100,-1.121,-0.075,-3.086,0.000,1,0,537,39,1.261,-0.075,1
1787899208.363,8349,102,-1.121,-0.075,-3.086,0.000,1,0,538,39,1.231,-0.075,1
1787899208.463,8350,100,-1.121,-0.075,-3.086,0.000,1,0,537,39,1.261,-0.075,1
1787899208.563,8351,98,-1.121,-0.075,-3.086,0.000,1,0,537,39,1.261,-0.075,1
1787899208.663,8352,100,-1.121,-0.075,-3.086,0.000,1,0,537,39,1.261,-0.075,1
1787899208.763,8353,100,-1.121,-0.075,-3.086,0.000,1,0,537,39,1.261,-0.075,1
1787899208.863,8354,100,-1.121,-0.075,-3.086,0.000,1,0,537,39,1.261,-0.075,1
1787899208.963,8355,100,-1.121,-0.075,-3.086,0.000,1,0,537,39,1.261,-0.075,1
1787899209.063,8356,95,-1.121,-0.075,-3.086,0.000,1,0,537,39,1.261,-0.075,1
1787899209.164,8357,105,-1.121,-0.075,-3.086,0.000,1,0,537,39,1.261,-0.075,1
1787899209.262,8358,100,-1.121,-0.075,-3.086,0.000,1,0,537,39,1.261,-0.075,1
1787899209.363,8359,100,-1.121,-0.075,-3.086,0.000,1,0,537,39,1.261,-0.075,1
1787899209.462,8360,100,-1.121,-0.075,-3.086,0.000,1,0,538,39,1.231,-0.075,1
1787899209.562,8361,100,-1.121,-0.075,-3.086,0.000,1,0,537,39,1.261,-0.075,1
1787899209.662,8362,100,-1.121,-0.075,-3.086,0.000,1,0,537,39,1.261,-0.075,1
1787899209.763,8363,98,-1.121,-0.075,-3.086,0.000,1,0,537,39,1.261,-0.075,1
1787899209.862,8364,103,-1.121,-0.075,-3.086,0.000,1,0,537,39,1.261,-0.075,1
1787899209.963,8365,100,-1.121,-0.075,-3.086,0.000,1,0,537,39,1.261,-0.075,1
1787899210.062,8366,100,-1.121,-0.075,-3.086,0.000,1,0,538,39,1.231,-0.075,1
1787899210.165,8367,100,-1.121,-0.075,-3.086,0.000,1,0,538,39,1.231,-0.075,1
1787899210.263,8368,100,-1.121,-0.075,-3.086,0.000,1,0,0,39,1.171,-0.075,1
1787899210.363,8369,100,-1.121,-0.075,-3.086,0.000,1,0,0,39,1.171,-0.075,1
1787899210.464,8370,100,-1.121,-0.075,-3.086,0.000,1,0,0,39,1.171,-0.075,1
1787899210.564,8371,100,-1.121,-0.075,-3.086,0.000,1,0,0,39,1.171,-0.075,1
1787899210.663,8372,100,-1.121,-0.075,-3.086,0.000,1,0,0,39,1.171,-0.075,1
1787899210.763,8373,100,-1.121,-0.075,-3.086,0.000,1,0,0,39,1.171,-0.075,1
1787899210.862,8374,100,-1.121,-0.075,-3.086,0.000,1,0,0,39,1.171,-0.075,1
1787899210.963,8375,100,-1.121,-0.075,-3.086,0.000,1,0,0,39,1.171,-0.075,1
1787899211.063,8376,100,-1.121,-0.075,-3.086,0.000,1,0,0,39,1.171,-0.075,1
1787899211.165,8377,100,-1.121,-0.075,-3.086,0.000,1,0,2,39,1.111,-0.075,1
1787899211.262,8378,100,-1.121,-0.075,-3.086,0.000,1,0,3,39,1.081,-0.075,1
1787899211.362,8379,100,-1.121,-0.075,-3.086,0.000,1,0,3,39,1.081,-0.075,1
1787899211.462,8380,100,-1.121,-0.075,-3.086,0.000,1,0,3,39,1.081,-0.075,1
1787899211.562,8381,102,-1.121,-0.075,-3.086,0.000,1,0,4,39,1.051,-0.075,1
1787899211.662,8382,98,-1.121,-0.075,-3.086,0.000,1,0,5,39,1.021,-0.075,1
1787899211.763,8383,95,-1.121,-0.075,-3.086,0.000,1,0,6,39,0.991,-0.075,1
1787899211.864,8384,105,-1.121,-0.075,-3.086,0.000,1,0,7,39,0.961,-0.075,1
1787899211.965,8385,100,-1.121,-0.075,-3.086,0.000,1,0,7,39,0.961,-0.075,1
1787899212.071,8386,100,-1.121,-0.075,-3.086,0.000,1,0,8,39,0.931,-0.075,1
1787899212.162,8387,100,-1.121,-0.075,-3.086,0.000,1,0,8,39,0.931,-0.075,1
1787899212.263,8388,100,-1.121,-0.075,-3.086,0.000,1,0,9,39,0.901,-0.075,1
1787899212.363,8389,100,-1.121,-0.075,-3.086,0.000,1,0,10,39,0.871,-0.075,1
1787899212.462,8390,100,-1.121,-0.075,-3.086,0.000,1,0,11,39,0.841,-0.075,1
1787899212.562,8391,95,-1.121,-0.075,-3.086,0.000,1,0,12,39,0.811,-0.075,1
1787899212.662,8392,105,-1.121,-0.075,-3.086,0.000,1,0,12,39,0.811,-0.075,1
1787899212.763,8393,100,-1.121,-0.075,-3.086,0.000,1,0,13,39,0.781,-0.075,1
1787899212.862,8394,100,-1.121,-0.075,-3.086,0.000,1,0,14,39,0.751,-0.075,1
1787899212.962,8395,100,-1.121,-0.075,-3.086,0.000,1,0,15,39,0.721,-0.075,1
1787899213.062,8396,100,-1.121,-0.075,-3.086,0.000,1,0,16,39,0.691,-0.075,1
1787899213.162,8397,100,-1.121,-0.075,-3.086,0.000,1,0,18,39,0.631,-0.075,1
1787899213.262,8398,100,-1.121,-0.075,-3.086,0.000,1,0,19,39,0.601,-0.075,1
1787899213.362,8399,100,-1.121,-0.075,-3.086,0.000,1,0,20,39,0.571,-0.075,1
1787899213.463,8400,99,-1.121,-0.075,-3.086,0.000,1,0,20,39,0.571,-0.075,1
1787899213.568,8401,100,-1.121,-0.075,-3.086,0.000,1,0,21,39,0.541,-0.075,1
1787899213.663,8402,101,-1.121,-0.075,-3.086,0.000,1,0,23,39,0.481,-0.075,1
1787899213.763,8403,101,-1.121,-0.075,-3.086,0.000,1,0,24,39,0.450,-0.075,1
1787899213.863,8404,98,-1.121,-0.075,-3.086,0.000,1,0,25,39,0.420,-0.075,1
1787899213.964,8405,100,-1.121,-0.075,-3.086,0.000,1,0,26,39,0.390,-0.075,1
1787899214.064,8406,97,-1.121,-0.075,-3.086,0.000,1,0,28,39,0.330,-0.075,1
1787899214.164,8407,103,-1.121,-0.075,-3.086,0.000,1,0,28,39,0.330,-0.075,1
1787899214.263,8408,100,-1.121,-0.075,-3.086,0.000,1,0,29,39,0.300,-0.075,1
1787899214.362,8409,100,-1.121,-0.075,-3.086,0.000,1,0,31,39,0.240,-0.075,1
1787899214.462,8410,100,-1.121,-0.075,-3.086,0.000,1,0,32,39,0.210,-0.075,1
1787899214.564,8411,101,-1.121,-0.075,-3.086,0.000,1,0,33,39,0.180,-0.075,1
1787899214.663,8412,99,-1.121,-0.075,-3.086,0.000,1,0,34,39,0.150,-0.075,1
1787899214.762,8413,100,-1.121,-0.075,-3.086,0.000,1,0,35,39,0.120,-0.075,1
1787899214.863,8414,100,-1.121,-0.075,-3.086,0.000,1,0,37,39,0.060,-0.075,1
1787899214.963,8415,100,-1.121,-0.075,-3.086,0.000,1,0,37,39,0.060,-0.075,1
1787899215.062,8416,100,-1.121,-0.075,-3.086,0.000,1,0,38,39,0.030,-0.075,1
1787899215.162,8417,100,-1.121,-0.075,-3.086,0.000,1,0,39,39,0.000,-0.075,1
1787899215.263,8418,100,-1.121,-0.075,-3.086,0.000,1,0,40,39,-0.030,-0.075,1
1787899215.362,8419,100,-1.121,-0.075,-3.086,0.000,1,0,41,39,-0.060,-0.075,1
1787899215.462,8420,100,-1.121,-0.075,-3.086,0.000,1,0,42,39,-0.090,-0.075,1
1787899215.563,8421,101,-1.121,-0.075,-3.086,0.000,1,0,44,39,-0.150,-0.075,1
1787899215.662,8422,99,-1.121,-0.075,-3.086,0.000,1,0,45,39,-0.180,-0.075,1
1787899215.762,8423,103,-1.121,-0.075,-3.086,0.000,1,0,46,39,-0.210,-0.075,1
1787899215.862,8424,97,-1.121,-0.075,-3.086,0.000,1,0,46,39,-0.210,-0.075,1
1787899215.964,8425,100,-1.121,-0.075,-3.086,0.000,1,0,46,39,-0.210,-0.075,1
1787899216.064,8426,100,-1.121,-0.075,-3.086,0.000,1,0,46,39,-0.210,-0.075,1
1787899216.162,8427,100,-1.121,-0.075,-3.086,0.000,1,0,46,39,-0.210,-0.075,1
1787899216.263,8428,100,-1.121,-0.075,-3.086,0.000,1,0,50,39,-0.330,-0.075,1
1787899216.362,8429,100,-1.121,-0.075,-3.086,0.000,1,0,53,39,-0.420,-0.075,1
1787899216.462,8430,100,-1.121,-0.075,-3.086,0.000,1,0,54,39,-0.450,-0.075,1
1787899216.562,8431,100,-1.121,-0.075,-3.086,0.000,1,0,55,39,-0.481,-0.075,1
1787899216.662,8432,100,-1.121,-0.075,-3.086,0.000,1,0,56,39,-0.511,-0.075,1
1787899216.763,8433,97,-1.121,-0.075,-3.086,0.000,1,0,58,39,-0.571,-0.075,1
1787899216.863,8434,103,-1.121,-0.075,-3.086,0.000,1,0,59,39,-0.601,-0.075,1
1787899216.963,8435,99,-1.121,-0.075,-3.086,0.000,1,0,60,39,-0.631,-0.075,1
1787899217.063,8436,100,-1.121,-0.075,-3.086,0.000,1,0,61,39,-0.661,-0.075,1
1787899217.163,8437,100,-1.121,-0.075,-3.086,0.000,1,0,61,39,-0.661,-0.075,1
1787899217.264,8438,100,-1.121,-0.075,-3.086,0.000,1,0,63,39,-0.721,-0.075,1
1787899217.363,8439,100,-1.121,-0.075,-3.086,0.000,1,0,64,39,-0.751,-0.075,1
1787899217.463,8440,100,-1.121,-0.075,-3.086,0.000,1,0,65,39,-0.781,-0.075,1
1787899217.564,8441,102,-1.121,-0.075,-3.086,0.000,1,0,66,39,-0.811,-0.075,1
1787899217.663,8442,98,-1.121,-0.075,-3.086,0.000,1,0,67,39,-0.841,-0.075,1
1787899217.762,8443,100,-1.121,-0.075,-3.086,0.000,1,0,68,39,-0.871,-0.075,1
1787899217.862,8444,100,-1.121,-0.075,-3.086,0.000,1,0,69,39,-0.901,-0.075,1
1787899217.964,8445,100,-1.121,-0.075,-3.086,0.000,1,0,70,39,-0.931,-0.075,1
1787899218.062,8446,100,-1.121,-0.075,-3.086,0.000,1,0,72,39,-0.991,-0.075,1
1787899218.162,8447,101,-1.121,-0.075,-3.086,0.000,1,0,73,39,-1.021,-0.075,1
1787899218.263,8448,99,-1.121,-0.075,-3.086,0.000,1,0,74,39,-1.051,-0.075,1
1787899218.362,8449,99,-1.121,-0.075,-3.086,0.000,1,0,75,39,-1.081,-0.075,1
1787899218.463,8450,100,-1.121,-0.075,-3.086,0.000,1,0,77,39,-1.141,-0.075,1
1787899218.563,8451,100,-1.121,-0.075,-3.086,0.000,1,0,79,39,-1.201,-0.075,1
1787899218.662,8452,100,-1.121,-0.075,-3.086,0.000,1,0,80,39,-1.231,-0.075,1
1787899218.762,8453,100,-1.121,-0.075,-3.086,0.000,1,0,82,39,-1.291,-0.075,1
1787899218.862,8454,100,-1.121,-0.075,-3.086,0.000,1,0,84,39,-1.351,-0.075,1
1787899218.962,8455,100,-1.121,-0.075,-3.086,0.000,1,0,86,39,-1.412,-0.075,1
1787899219.062,8456,99,-1.121,-0.075,-3.086,0.000,1,0,87,39,-1.442,-0.075,1
1787899219.162,8457,103,-1.121,-0.075,-3.086,0.000,1,0,89,39,-1.502,-0.075,1
1787899219.262,8458,101,-1.121,-0.075,-3.086,0.000,1,0,90,39,-1.532,-0.075,1
1787899219.362,8459,99,-1.121,-0.075,-3.086,0.000,1,0,92,39,-1.592,-0.075,1
1787899219.462,8460,98,-1.121,-0.075,-3.086,0.000,1,0,92,39,-1.592,-0.075,1
1787899219.562,8461,100,-1.121,-0.075,-3.086,0.000,1,0,94,39,-1.652,-0.075,1
1787899219.662,8462,97,-1.121,-0.075,-3.086,0.000,1,0,96,39,-1.712,-0.075,1
1787899219.762,8463,100,-1.121,-0.075,-3.086,0.000,1,0,97,39,-1.742,-0.075,1
1787899219.862,8464,96,-1.121,-0.075,-3.086,0.000,1,0,98,39,-1.772,-0.075,1
1787899219.962,8465,107,-1.121,-0.075,-3.086,0.000,1,0,99,39,-1.802,-0.075,1
1787899220.062,8466,100,-1.121,-0.075,-3.086,0.000,1,0,100,39,-1.832,-0.075,1
1787899220.164,8467,101,-1.121,-0.075,-3.086,0.000,1,0,102,39,-1.892,-0.075,1
1787899220.263,8468,99,-1.121,-0.075,-3.086,0.000,1,0,103,39,-1.922,-0.075,1
1787899220.363,8469,100,-1.121,-0.075,-3.086,0.000,1,0,104,39,-1.952,-0.075,1
1787899220.463,8470,95,-1.121,-0.075,-3.086,0.000,1,0,105,39,-1.982,-0.075,1
1787899220.563,8471,105,-1.121,-0.075,-3.086,0.000,1,0,106,39,-2.012,-0.075,1
1787899220.664,8472,100,-1.121,-0.075,-3.086,0.000,1,0,107,39,-2.042,-0.075,1
1787899220.763,8473,100,-1.121,-0.075,-3.086,0.000,1,0,108,39,-2.072,-0.075,1
1787899220.862,8474,100,-1.121,-0.075,-3.086,0.000,1,0,109,39,-2.102,-0.075,1
1787899220.963,8475,100,-1.121,-0.075,-3.086,0.000,1,0,110,39,-2.132,-0.075,1
1787899221.062,8476,99,-1.121,-0.075,-3.086,0.000,1,0,111,39,-2.162,-0.075,1
1787899221.162,8477,101,-1.121,-0.075,-3.086,0.000,1,0,112,39,-2.192,-0.075,1
1787899221.263,8478,99,-1.121,-0.075,-3.086,0.000,1,0,113,39,-2.222,-0.075,1
1787899221.362,8479,100,-1.121,-0.075,-3.086,0.000,1,0,114,39,-2.252,-0.075,1
1787899221.462,8480,100,-1.121,-0.075,-3.086,0.000,1,0,114,39,-2.252,-0.075,1
1787899221.563,8481,100,-1.121,-0.075,-3.086,0.000,1,0,115,39,-2.282,-0.075,1
1787899221.662,8482,100,-1.121,-0.075,-3.086,0.000,1,0,116,39,-2.313,-0.075,1
1787899221.762,8483,100,-1.121,-0.075,-3.086,0.000,1,0,117,39,-2.343,-0.075,1
1787899221.862,8484,100,-1.121,-0.075,-3.086,0.000,1,0,118,39,-2.373,-0.075,1
1787899221.962,8485,100,-1.121,-0.075,-3.086,0.000,1,0,118,39,-2.373,-0.075,1
1787899222.062,8486,101,-1.121,-0.075,-3.086,0.000,1,0,120,39,-2.433,-0.075,1
1787899222.162,8487,99,-1.121,-0.075,-3.086,0.000,1,0,120,39,-2.433,-0.075,1
1787899222.262,8488,100,-1.121,-0.075,-3.086,0.000,1,0,121,39,-2.463,-0.075,1
1787899222.363,8489,100,-1.121,-0.075,-3.086,0.000,1,0,122,39,-2.493,-0.075,1
1787899222.462,8490,100,-1.121,-0.075,-3.086,0.000,1,0,123,39,-2.523,-0.075,1
1787899222.562,8491,100,-1.121,-0.075,-3.086,0.000,1,0,124,39,-2.553,-0.075,1
1787899222.663,8492,100,-1.121,-0.075,-3.086,0.000,1,0,124,39,-2.553,-0.075,1
1787899222.762,8493,100,-1.121,-0.075,-3.086,0.000,1,0,126,39,-2.613,-0.075,1
1787899222.862,8494,100,-1.121,-0.075,-3.086,0.000,1,0,126,39,-2.613,-0.075,1
1787899222.962,8495,101,-1.121,-0.075,-3.086,0.000,1,0,127,39,-2.643,-0.075,1
1787899223.063,8496,99,-1.121,-0.075,-3.086,0.000,1,0,128,39,-2.673,-0.075,1
1787899223.162,8497,100,-1.121,-0.075,-3.086,0.000,1,0,129,39,-2.703,-0.075,1
1787899223.263,8498,100,-1.121,-0.075,-3.086,0.000,1,0,130,39,-2.733,-0.075,1
1787899223.362,8499,100,-1.121,-0.075,-3.086,0.000,1,0,131,39,-2.763,-0.075,1
1787899223.463,8500,100,-1.121,-0.075,-3.086,0.000,1,0,132,39,-2.793,-0.075,1
1787899223.565,8501,100,-1.121,-0.075,-3.086,0.000,1,0,132,39,-2.793,-0.075,1
1787899223.663,8502,100,-1.121,-0.075,-3.086,0.000,1,0,133,39,-2.823,-0.075,1
1787899223.763,8503,102,-1.121,-0.075,-3.086,0.000,1,0,134,39,-2.853,-0.075,1
1787899223.863,8504,98,-1.121,-0.075,-3.086,0.000,1,0,135,39,-2.883,-0.075,1
1787899223.963,8505,100,-1.121,-0.075,-3.086,0.000,1,0,136,39,-2.913,-0.075,1
1787899224.062,8506,100,-1.121,-0.075,-3.086,0.000,1,0,136,39,-2.913,-0.075,1
1787899224.163,8507,100,-1.121,-0.075,-3.086,0.000,1,0,137,39,-2.943,-0.075,1
1787899224.263,8508,100,-1.121,-0.075,-3.086,0.000,1,0,138,39,-2.973,-0.075,1
1787899224.362,8509,100,-1.121,-0.075,-3.086,0.000,1,0,139,39,-3.003,-0.075,1
1787899224.462,8510,100,-1.121,-0.075,-3.086,0.000,1,0,140,39,-3.033,-0.075,1
1787899224.563,8511,97,-1.121,-0.075,-3.086,0.000,1,0,141,39,-3.063,-0.075,1
1787899224.662,8512,103,-1.121,-0.075,-3.086,0.000,1,0,142,39,-3.093,-0.075,1
1787899224.763,8513,100,-1.121,-0.075,-3.086,0.000,1,0,143,39,-3.123,-0.075,1
1787899224.862,8514,100,-1.121,-0.075,-3.086,0.000,1,0,143,39,-3.123,-0.075,1
1787899224.963,8515,100,-1.121,-0.075,-3.086,0.000,1,0,145,39,-3.183,-0.075,1
1787899225.065,8516,100,-1.121,-0.075,-3.086,0.000,1,0,146,39,-3.213,-0.075,1
1787899225.162,8517,100,-1.121,-0.075,-3.086,0.000,1,0,147,39,-3.243,-0.075,1
1787899225.263,8518,100,-1.121,-0.075,-3.086,0.000,1,0,149,39,-3.304,-0.075,1
1787899225.362,8519,100,-1.121,-0.075,-3.086,0.000,1,0,151,39,-3.364,-0.075,1
1787899225.463,8520,100,-1.121,-0.075,-3.086,0.000,1,0,153,39,-3.424,-0.075,1
1787899225.563,8521,100,-1.121,-0.075,-3.086,0.000,1,0,155,39,-3.484,-0.075,1
1787899225.664,8522,100,-1.121,-0.075,-3.086,0.000,1,0,158,39,-3.574,-0.075,1
1787899225.762,8523,100,-1.121,-0.075,-3.086,0.000,1,0,159,39,-3.604,-0.075,1
1787899225.862,8524,100,-1.121,-0.075,-3.086,0.000,1,0,161,39,-3.664,-0.075,1
1787899225.962,8525,100,-1.121,-0.075,-3.086,0.000,1,0,164,39,-3.754,-0.075,1
1787899226.062,8526,100,-1.121,-0.075,-3.086,0.000,1,0,165,39,-3.784,-0.075,1
1787899226.162,8527,100,-1.121,-0.075,-3.086,0.000,1,0,167,39,-3.844,-0.075,1
1787899226.263,8528,100,-1.121,-0.075,-3.086,0.000,1,0,169,39,-3.904,-0.075,1
1787899226.362,8529,103,-1.121,-0.075,-3.086,0.000,1,0,172,39,-3.994,-0.075,1
1787899226.462,8530,97,-1.121,-0.075,-3.086,0.000,1,0,173,39,-4.024,-0.075,1
1787899226.562,8531,100,-1.121,-0.075,-3.086,0.000,1,0,175,39,-4.084,-0.075,1
1787899226.663,8532,100,-1.121,-0.075,-3.086,0.000,1,0,176,39,-4.114,-0.075,1
1787899226.764,8533,100,-1.121,-0.075,-3.086,0.000,1,0,180,39,-4.235,-0.075,1
1787899226.862,8534,100,-1.121,-0.075,-3.086,0.000,1,0,181,39,-4.265,-0.075,1
1787899226.964,8535,99,-1.121,-0.075,-3.086,0.000,1,0,183,39,-4.325,-0.075,1
1787899227.063,8536,100,-1.121,-0.075,-3.086,0.000,1,0,185,39,-4.385,-0.075,1
1787899227.162,8537,100,-1.121,-0.075,-3.086,0.000,1,0,188,39,-4.475,-0.075,1
1787899227.262,8538,100,-1.121,-0.075,-3.086,0.000,1,0,189,39,-4.505,-0.075,1
1787899227.363,8539,100,-1.121,-0.075,-3.086,0.000,1,0,191,39,-4.565,-0.075,1
1787899227.462,8540,100,-1.121,-0.075,-3.086,0.000,1,0,193,39,-4.625,-0.075,1
1787899227.562,8541,100,-1.121,-0.075,-3.086,0.000,1,0,195,39,-4.685,-0.075,1
1787899227.663,8542,101,-1.121,-0.075,-3.086,0.000,1,0,196,39,-4.715,-0.075,1
1787899227.763,8543,99,-1.121,-0.075,-3.086,0.000,1,0,198,39,-4.775,-0.075,1
1787899227.863,8544,100,-1.121,-0.075,-3.086,0.000,1,0,200,39,-4.835,-0.075,1
1787899227.963,8545,100,-1.121,-0.075,-3.086,0.000,1,0,203,39,-4.925,-0.075,1
1787899228.063,8546,101,-1.121,-0.075,-3.086,0.000,1,0,204,39,-4.955,-0.075,1
1787899228.162,8547,99,-1.121,-0.075,-3.086,0.000,1,0,206,39,-5.015,-0.075,1
1787899228.263,8548,100,-1.121,-0.075,-3.086,0.000,1,0,208,39,-5.075,-0.075,1
1787899228.364,8549,100,-1.121,-0.075,-3.086,0.000,1,0,211,39,-5.166,-0.075,1
1787899228.462,8550,97,-1.121,-0.075,-3.086,0.000,1,0,212,39,-5.196,-0.075,1
1787899228.562,8551,100,-1.121,-0.075,-3.086,0.000,1,0,214,39,-5.256,-0.075,1
1787899228.664,8552,97,-1.121,-0.075,-3.086,0.000,1,0,215,39,-5.286,-0.075,1
1787899228.762,8553,107,-1.121,-0.075,-3.086,0.000,1,0,219,39,-5.406,-0.075,1
1787899228.862,8554,102,-1.121,-0.075,-3.086,0.000,1,0,220,39,-5.436,-0.075,1
1787899228.963,8555,97,-1.121,-0.075,-3.086,0.000,1,0,222,39,-5.496,-0.075,1
1787899229.062,8556,100,-1.121,-0.075,-3.086,0.000,1,0,223,39,-5.526,-0.075,1
1787899229.162,8557,100,-1.121,-0.075,-3.086,0.000,1,0,225,39,-5.586,-0.075,1
1787899229.262,8558,100,-1.121,-0.075,-3.086,0.000,1,0,226,39,-5.616,-0.075,1
1787899229.363,8559,97,-1.121,-0.075,-3.086,0.000,1,0,227,39,-5.646,-0.075,1
1787899229.462,8560,103,-1.121,-0.075,-3.086,0.000,1,0,227,39,-5.646,-0.075,1
1787899229.563,8561,102,-1.121,-0.075,-3.086,0.000,1,0,229,39,-5.706,-0.075,1
1787899229.662,8562,99,-1.121,-0.075,-3.086,0.000,1,0,229,39,-5.706,-0.075,1
1787899229.764,8563,99,-1.121,-0.075,-3.086,0.000,1,0,230,39,-5.736,-0.075,1
1787899229.862,8564,100,-1.121,-0.075,-3.086,0.000,1,0,231,39,-5.766,-0.075,1
1787899229.963,8565,100,-1.121,-0.075,-3.086,0.000,1,0,232,39,-5.796,-0.075,1
1787899230.064,8566,100,-1.121,-0.075,-3.086,0.000,1,0,233,39,-5.826,-0.075,1
1787899230.162,8567,100,-1.121,-0.075,-3.086,0.000,1,0,233,39,-5.826,-0.075,1
1787899230.262,8568,100,-1.121,-0.075,-3.086,0.000,1,0,234,39,-5.856,-0.075,1
1787899230.362,8569,100,-1.121,-0.075,-3.086,0.000,1,0,236,39,-5.916,-0.075,1
1787899230.464,8570,101,-1.121,-0.075,-3.086,0.000,1,0,236,39,-5.916,-0.075,1
1787899230.563,8571,99,-1.121,-0.075,-3.086,0.000,1,0,237,39,-5.946,-0.075,1
1787899230.662,8572,100,-1.121,-0.075,-3.086,0.000,1,0,238,39,-5.976,-0.075,1
1787899230.762,8573,100,-1.121,-0.075,-3.086,0.000,1,0,240,39,-6.036,-0.075,1
1787899230.862,8574,99,-1.121,-0.075,-3.086,0.000,1,0,240,39,-6.036,-0.075,1
1787899230.964,8575,101,-1.121,-0.075,-3.086,0.000,1,0,241,39,-6.066,-0.075,1
1787899231.062,8576,101,-1.121,-0.075,-3.086,0.000,1,0,242,39,-6.097,-0.075,1
1787899231.162,8577,99,-1.121,-0.075,-3.086,0.000,1,0,244,39,-6.157,-0.075,1
1787899231.264,8578,100,-1.121,-0.075,-3.086,0.000,1,0,245,39,-6.187,-0.075,1
1787899231.362,8579,96,-1.121,-0.075,-3.086,0.000,1,0,247,39,-6.247,-0.075,1
1787899231.462,8580,105,-1.121,-0.075,-3.086,0.000,1,0,249,39,-6.307,-0.075,1
1787899231.564,8581,99,-1.121,-0.075,-3.086,0.000,1,0,252,39,-6.397,-0.075,1
1787899231.662,8582,100,-1.121,-0.075,-3.086,0.000,1,0,253,39,-6.427,-0.075,1
1787899231.762,8583,96,-1.121,-0.075,-3.086,0.000,1,0,255,39,-6.487,-0.075,1
1787899231.862,8584,99,-1.121,-0.075,-3.086,0.000,1,0,257,39,-6.547,-0.075,1
1787899231.963,8585,106,-1.121,-0.075,-3.086,0.000,1,0,260,39,-6.637,-0.075,1
1787899232.062,8586,99,-1.121,-0.075,-3.086,0.000,1,0,261,39,-6.667,-0.075,1
1787899232.162,8587,97,-1.121,-0.075,-3.086,0.000,1,0,263,39,-6.727,-0.075,1
1787899232.262,8588,100,-1.121,-0.075,-3.086,0.000,1,0,265,39,-6.787,-0.075,1
1787899232.363,8589,103,-1.121,-0.075,-3.086,0.000,1,0,268,39,-6.877,-0.075,1
1787899232.462,8590,98,-1.121,-0.075,-3.086,0.000,1,0,269,39,-6.907,-0.075,1
1787899232.562,8591,97,-1.121,-0.075,-3.086,0.000,1,0,270,39,-6.937,-0.075,1
1787899232.662,8592,99,-1.121,-0.075,-3.086,0.000,1,0,272,39,-6.997,-0.075,1
1787899232.762,8593,100,-1.121,-0.075,-3.086,0.000,1,0,274,39,-7.058,-0.075,1
1787899232.862,8594,100,-1.121,-0.075,-3.086,0.000,1,0,274,39,-7.058,-0.075,1
1787899232.962,8595,100,-1.121,-0.075,-3.086,0.000,1,0,275,39,-7.088,-0.075,1
1787899233.063,8596,100,-1.121,-0.075,-3.086,0.000,1,0,276,39,-7.118,-0.075,1
1787899233.163,8597,100,-1.121,-0.075,-3.086,0.000,1,0,277,39,-7.148,-0.075,1
1787899233.264,8598,100,-1.121,-0.075,-3.086,0.000,1,0,278,39,-7.178,-0.075,1
1787899233.363,8599,101,-1.121,-0.075,-3.086,0.000,1,0,279,39,-7.208,-0.075,1
1787899233.463,8600,99,-1.121,-0.075,-3.086,0.000,1,0,279,39,-7.208,-0.075,1
1787899233.562,8601,101,-1.121,-0.075,-3.086,0.000,1,0,280,39,-7.238,-0.075,1
1787899233.663,8602,99,-1.121,-0.075,-3.086,0.000,1,0,281,39,-7.268,-0.075,1
1787899233.765,8603,100,-1.121,-0.075,-3.086,0.000,1,0,282,39,-7.298,-0.075,1
1787899233.863,8604,100,-1.121,-0.075,-3.086,0.000,1,0,283,39,-7.328,-0.075,1
1787899233.962,8605,101,-1.121,-0.075,-3.086,0.000,1,0,284,39,-7.358,-0.075,1
1787899234.063,8606,107,-1.121,-0.075,-3.086,0.000,1,0,285,39,-7.388,-0.075,1
1787899234.162,8607,97,-1.121,-0.075,-3.086,0.000,1,0,286,39,-7.418,-0.075,1
1787899234.263,8608,98,-1.121,-0.075,-3.086,0.000,1,0,286,39,-7.418,-0.075,1
1787899234.363,8609,104,-1.121,-0.075,-3.086,0.000,1,0,287,39,-7.448,-0.075,1
1787899234.462,8610,95,-1.121,-0.075,-3.086,0.000,1,0,288,39,-7.478,-0.075,1
1787899234.562,8611,101,-1.121,-0.075,-3.086,0.000,1,0,289,39,-7.508,-0.075,1
1787899234.663,8612,99,-1.121,-0.075,-3.086,0.000,1,0,290,39,-7.538,-0.075,1
1787899234.762,8613,105,-1.121,-0.075,-3.086,0.000,1,0,292,39,-7.598,-0.075,1
1787899234.862,8614,95,-1.121,-0.075,-3.086,0.000,1,0,292,39,-7.598,-0.075,1
1787899234.962,8615,103,-1.121,-0.075,-3.086,0.000,1,0,293,39,-7.628,-0.075,1
1787899235.062,8616,104,-1.121,-0.075,-3.086,0.000,1,0,293,39,-7.628,-0.075,1
1787899235.162,8617,99,-1.121,-0.075,-3.086,0.000,1,0,295,39,-7.688,-0.075,1
1787899235.262,8618,101,-1.121,-0.075,-3.086,0.000,1,0,296,39,-7.718,-0.075,1
1787899235.362,8619,95,-1.121,-0.075,-3.086,0.000,1,0,296,39,-7.718,-0.075,1
1787899235.462,8620,104,-1.121,-0.075,-3.086,0.000,1,0,297,39,-7.748,-0.075,1
1787899235.563,8621,99,-1.121,-0.075,-3.086,0.000,1,0,299,39,-7.808,-0.075,1
1787899235.663,8622,102,-1.121,-0.075,-3.086,0.000,1,0,299,39,-7.808,-0.075,1
1787899235.762,8623,96,-1.121,-0.075,-3.086,0.000,1,0,302,39,-7.898,-0.075,1
1787899235.862,8624,102,-1.121,-0.075,-3.086,0.000,1,0,303,39,-7.928,-0.075,1
1787899235.962,8625,100,-1.121,-0.075,-3.086,0.000,1,0,306,39,-8.019,-0.075,1
1787899236.062,8626,101,-1.121,-0.075,-3.086,0.000,1,0,307,39,-8.049,-0.075,1
1787899236.163,8627,99,-1.121,-0.075,-3.086,0.000,1,0,309,39,8.109,-0.075,1
1787899236.264,8628,100,-1.121,-0.075,-3.086,0.000,1,0,311,39,8.048,-0.075,1
1787899236.362,8629,100,-1.121,-0.075,-3.086,0.000,1,0,313,39,7.988,-0.075,1
1787899236.464,8630,100,-1.121,-0.075,-3.086,0.000,1,0,315,39,7.928,-0.075,1
1787899236.564,8631,100,-1.121,-0.075,-3.086,0.000,1,0,317,39,7.868,-0.075,1
1787899236.662,8632,100,-1.121,-0.075,-3.086,0.000,1,0,319,39,7.808,-0.075,1
1787899236.762,8633,100,-1.121,-0.075,-3.086,0.000,1,0,322,39,7.718,-0.075,1
1787899236.862,8634,100,-1.121,-0.075,-3.086,0.000,1,0,323,39,7.688,-0.075,1
1787899236.963,8635,100,-1.121,-0.075,-3.086,0.000,1,0,325,39,7.628,-0.075,1
1787899237.062,8636,100,-1.121,-0.075,-3.086,0.000,1,0,327,39,7.568,-0.075,1
1787899237.162,8637,100,-1.121,-0.075,-3.086,0.000,1,0,328,39,7.538,-0.075,1
1787899237.263,8638,100,-1.121,-0.075,-3.086,0.000,1,0,331,39,7.448,-0.075,1
1787899237.363,8639,99,-1.121,-0.075,-3.086,0.000,1,0,332,39,7.418,-0.075,1
1787899237.462,8640,100,-1.121,-0.075,-3.086,0.000,1,0,334,39,7.358,-0.075,1
1787899237.562,8641,100,-1.121,-0.075,-3.086,0.000,1,0,336,39,7.298,-0.075,1
1787899237.663,8642,101,-1.121,-0.075,-3.086,0.000,1,0,338,39,7.238,-0.075,1
1787899237.763,8643,100,-1.121,-0.075,-3.086,0.000,1,0,339,39,7.208,-0.075,1
1787899237.863,8644,97,-1.121,-0.075,-3.086,0.000,1,0,341,39,7.148,-0.075,1
1787899237.962,8645,103,-1.121,-0.075,-3.086,0.000,1,0,343,39,7.087,-0.075,1
1787899238.062,8646,100,-1.121,-0.075,-3.086,0.000,1,0,345,39,7.027,-0.075,1
1787899238.163,8647,99,-1.121,-0.075,-3.086,0.000,1,0,346,39,6.997,-0.075,1
1787899238.262,8648,102,-1.121,-0.075,-3.086,0.000,1,0,347,39,6.967,-0.075,1
1787899238.362,8649,99,-1.121,-0.075,-3.086,0.000,1,0,349,39,6.907,-0.075,1
1787899238.462,8650,100,-1.121,-0.075,-3.086,0.000,1,0,349,39,6.907,-0.075,1
1787899238.563,8651,100,-1.121,-0.075,-3.086,0.000,1,0,350,39,6.877,-0.075,1
1787899238.662,8652,100,-1.121,-0.075,-3.086,0.000,1,0,351,39,6.847,-0.075,1
1787899238.762,8653,97,-1.121,-0.075,-3.086,0.000,1,0,352,39,6.817,-0.075,1
1787899238.862,8654,104,-1.121,-0.075,-3.086,0.000,1,0,353,39,6.787,-0.075,1
1787899238.962,8655,99,-1.121,-0.075,-3.086,0.000,1,0,354,39,6.757,-0.075,1
1787899239.062,8656,100,-1.121,-0.075,-3.086,0.000,1,0,355,39,6.727,-0.075,1
1787899239.162,8657,100,-1.121,-0.075,-3.086,0.000,1,0,355,39,6.727,-0.075,1
1787899239.262,8658,100,-1.121,-0.075,-3.086,0.000,1,0,357,39,6.667,-0.075,1
1787899239.362,8659,100,-1.121,-0.075,-3.086,0.000,1,0,358,39,6.637,-0.075,1
1787899239.463,8660,100,-1.121,-0.075,-3.086,0.000,1,0,359,39,6.607,-0.075,1
1787899239.562,8661,100,-1.121,-0.075,-3.086,0.000,1,0,360,39,6.577,-0.075,1
1787899239.663,8662,100,-1.121,-0.075,-3.086,0.000,1,0,361,39,6.547,-0.075,1
1787899239.763,8663,99,-1.121,-0.075,-3.086,0.000,1,0,362,39,6.517,-0.075,1
1787899239.862,8664,101,-1.121,-0.075,-3.086,0.000,1,0,363,39,6.487,-0.075,1
1787899239.963,8665,100,-1.121,-0.075,-3.086,0.000,1,0,364,39,6.457,-0.075,1
1787899240.063,8666,101,-1.121,-0.075,-3.086,0.000,1,0,365,39,6.427,-0.075,1
1787899240.163,8667,99,-1.121,-0.075,-3.086,0.000,1,0,366,39,6.397,-0.075,1
1787899240.262,8668,100,-1.121,-0.075,-3.086,0.000,1,0,367,39,6.367,-0.075,1
1787899240.362,8669,100,-1.121,-0.075,-3.086,0.000,1,0,368,39,6.337,-0.075,1
1787899240.464,8670,100,-1.121,-0.075,-3.086,0.000,1,0,369,39,6.307,-0.075,1
1787899240.563,8671,100,-1.121,-0.075,-3.086,0.000,1,0,370,39,6.277,-0.075,1
1787899240.662,8672,100,-1.121,-0.075,-3.086,0.000,1,0,371,39,6.247,-0.075,1
1787899240.765,8673,100,-1.121,-0.075,-3.086,0.000,1,0,372,39,6.217,-0.075,1
1787899240.864,8674,98,-1.121,-0.075,-3.086,0.000,1,0,373,39,6.187,-0.075,1
1787899240.962,8675,96,-1.121,-0.075,-3.086,0.000,1,0,374,39,6.156,-0.075,1
1787899241.063,8676,106,-1.121,-0.075,-3.086,0.000,1,0,375,39,6.126,-0.075,1
1787899241.164,8677,101,-1.121,-0.075,-3.086,0.000,1,0,377,39,6.066,-0.075,1
1787899241.262,8678,99,-1.121,-0.075,-3.086,0.000,1,0,377,39,6.066,-0.075,1
1787899241.362,8679,100,-1.121,-0.075,-3.086,0.000,1,0,378,39,6.036,-0.075,1
1787899241.462,8680,100,-1.121,-0.075,-3.086,0.000,1,0,378,39,6.036,-0.075,1
1787899241.562,8681,92,-1.121,-0.075,-3.086,0.000,1,0,380,39,5.976,-0.075,1
1787899241.663,8682,107,-1.121,-0.075,-3.086,0.000,1,0,381,39,5.946,-0.075,1
1787899241.762,8683,96,-1.121,-0.075,-3.086,0.000,1,0,382,39,5.916,-0.075,1
1787899241.862,8684,104,-1.121,-0.075,-3.086,0.000,1,0,382,39,5.916,-0.075,1
1787899241.962,8685,100,-1.121,-0.075,-3.086,0.000,1,0,384,39,5.856,-0.075,1
1787899242.062,8686,101,-1.121,-0.075,-3.086,0.000,1,0,384,39,5.856,-0.075,1
1787899242.162,8687,111,-1.121,-0.075,-3.086,0.000,1,0,385,39,5.826,-0.075,1
1787899242.263,8688,88,-1.121,-0.075,-3.086,0.000,1,0,386,39,5.796,-0.075,1
1787899242.363,8689,100,-1.121,-0.075,-3.086,0.000,1,0,387,39,5.766,-0.075,1
1787899242.463,8690,100,-1.121,-0.075,-3.086,0.000,1,0,390,39,5.676,-0.075,1
1787899242.563,8691,100,-1.121,-0.075,-3.086,0.000,1,0,392,39,5.616,-0.075,1
1787899242.663,8692,100,-1.121,-0.075,-3.086,0.000,1,0,393,39,5.586,-0.075,1
1787899242.763,8693,100,-1.121,-0.075,-3.086,0.000,1,0,396,39,5.496,-0.075,1
1787899242.865,8694,100,-1.121,-0.075,-3.086,0.000,1,0,397,39,5.466,-0.075,1
1787899242.964,8695,100,-1.121,-0.075,-3.086,0.000,1,0,398,39,5.436,-0.075,1
1787899243.063,8696,100,-1.121,-0.075,-3.086,0.000,1,0,401,39,5.346,-0.075,1
1787899243.163,8697,100,-1.121,-0.075,-3.086,0.000,1,0,404,39,5.256,-0.075,1
1787899243.263,8698,100,-1.121,-0.075,-3.086,0.000,1,0,406,39,5.195,-0.075,1
1787899243.363,8699,100,-1.121,-0.075,-3.086,0.000,1,0,408,39,5.135,-0.075,1
1787899243.463,8700,100,-1.121,-0.075,-3.086,0.000,1,0,409,39,5.105,-0.075,1
1787899243.562,8701,100,-1.121,-0.075,-3.086,0.000,1,0,412,39,5.015,-0.075,1
1787899243.663,8702,100,-1.121,-0.075,-3.086,0.000,1,0,413,39,4.985,-0.075,1
1787899243.764,8703,100,-1.121,-0.075,-3.086,0.000,1,0,416,39,4.895,-0.075,1
1787899243.863,8704,100,-1.121,-0.075,-3.086,0.000,1,0,417,39,4.865,-0.075,1
1787899243.962,8705,101,-1.121,-0.075,-3.086,0.000,1,0,418,39,4.835,-0.075,1
1787899244.063,8706,99,-1.121,-0.075,-3.086,0.000,1,0,420,39,4.775,-0.075,1
1787899244.162,8707,100,-1.121,-0.075,-3.086,0.000,1,0,422,39,4.715,-0.075,1
1787899244.264,8708,100,-1.121,-0.075,-3.086,0.000,1,0,425,39,4.625,-0.075,1
1787899244.363,8709,100,-1.121,-0.075,-3.086,0.000,1,0,426,39,4.595,-0.075,1
1787899244.462,8710,100,-1.121,-0.075,-3.086,0.000,1,0,428,39,4.535,-0.075,1
1787899244.563,8711,100,-1.121,-0.075,-3.086,0.000,1,0,430,39,4.475,-0.075,1
1787899244.662,8712,100,-1.121,-0.075,-3.086,0.000,1,0,432,39,4.415,-0.075,1
1787899244.763,8713,100,-1.121,-0.075,-3.086,0.000,1,0,434,39,4.355,-0.075,1
1787899244.863,8714,100,-1.121,-0.075,-3.086,0.000,1,0,436,39,4.295,-0.075,1
1787899244.962,8715,97,-1.121,-0.075,-3.086,0.000,1,0,437,39,4.264,-0.075,1
1787899245.063,8716,103,-1.121,-0.075,-3.086,0.000,1,0,439,39,4.204,-0.075,1
1787899245.162,8717,100,-1.121,-0.075,-3.086,0.000,1,0,441,39,4.144,-0.075,1
1787899245.262,8718,100,-1.121,-0.075,-3.086,0.000,1,0,442,39,4.114,-0.075,1
1787899245.363,8719,100,-1.121,-0.075,-3.086,0.000,1,0,443,39,4.084,-0.075,1
1787899245.462,8720,100,-1.121,-0.075,-3.086,0.000,1,0,443,39,4.084,-0.075,1
1787899245.562,8721,100,-1.121,-0.075,-3.086,0.000,1,0,444,39,4.054,-0.075,1
1787899245.662,8722,100,-1.121,-0.075,-3.086,0.000,1,0,445,39,4.024,-0.075,1
1787899245.762,8723,102,-1.121,-0.075,-3.086,0.000,1,0,446,39,3.994,-0.075,1
1787899245.862,8724,98,-1.121,-0.075,-3.086,0.000,1,0,447,39,3.964,-0.075,1
1787899245.962,8725,100,-1.121,-0.075,-3.086,0.000,1,0,448,39,3.934,-0.075,1
1787899246.063,8726,100,-1.121,-0.075,-3.086,0.000,1,0,449,39,3.904,-0.075,1
1787899246.163,8727,100,-1.121,-0.075,-3.086,0.000,1,0,450,39,3.874,-0.075,1
1787899246.263,8728,102,-1.121,-0.075,-3.086,0.000,1,0,450,39,3.874,-0.075,1
1787899246.363,8729,98,-1.121,-0.075,-3.086,0.000,1,0,452,39,3.814,-0.075,1
1787899246.463,8730,100,-1.121,-0.075,-3.086,0.000,1,0,453,39,3.784,-0.075,1
1787899246.563,8731,100,-1.121,-0.075,-3.086,0.000,1,0,454,39,3.754,-0.075,1
1787899246.663,8732,100,-1.121,-0.075,-3.086,0.000,1,0,454,39,3.754,-0.075,1
1787899246.764,8733,102,-1.121,-0.075,-3.086,0.000,1,0,456,39,3.694,-0.075,1
1787899246.863,8734,98,-1.121,-0.075,-3.086,0.000,1,0,457,39,3.664,-0.075,1
1787899246.964,8735,100,-1.121,-0.075,-3.086,0.000,1,0,457,39,3.664,-0.075,1
1787899247.062,8736,100,-1.121,-0.075,-3.086,0.000,1,0,458,39,3.634,-0.075,1
1787899247.162,8737,100,-1.121,-0.075,-3.086,0.000,1,0,459,39,3.604,-0.075,1
1787899247.262,8738,100,-1.121,-0.075,-3.086,0.000,1,0,460,39,3.574,-0.075,1
1787899247.362,8739,100,-1.121,-0.075,-3.086,0.000,1,0,461,39,3.544,-0.075,1
1787899247.463,8740,100,-1.121,-0.075,-3.086,0.000,1,0,462,39,3.514,-0.075,1
1787899247.562,8741,100,-1.121,-0.075,-3.086,0.000,1,0,463,39,3.484,-0.075,1
1787899247.663,8742,100,-1.121,-0.075,-3.086,0.000,1,0,464,39,3.454,-0.075,1
1787899247.762,8743,100,-1.121,-0.075,-3.086,0.000,1,0,465,39,3.424,-0.075,1
1787899247.863,8744,100,-1.121,-0.075,-3.086,0.000,1,0,466,39,3.394,-0.075,1
1787899247.962,8745,100,-1.121,-0.075,-3.086,0.000,1,0,467,39,3.364,-0.075,1
1787899248.062,8746,100,-1.121,-0.075,-3.086,0.000,1,0,467,39,3.364,-0.075,1
1787899248.163,8747,100,-1.121,-0.075,-3.086,0.000,1,0,469,39,3.304,-0.075,1
1787899248.263,8748,100,-1.121,-0.075,-3.086,0.000,1,0,469,39,3.304,-0.075,1
1787899248.362,8749,100,-1.121,-0.075,-3.086,0.000,1,0,471,39,3.243,-0.075,1
1787899248.462,8750,100,-1.121,-0.075,-3.086,0.000,1,0,472,39,3.213,-0.075,1
1787899248.562,8751,100,-1.121,-0.075,-3.086,0.000,1,0,472,39,3.213,-0.075,1
1787899248.662,8752,100,-1.121,-0.075,-3.086,0.000,1,0,473,39,3.183,-0.075,1
1787899248.762,8753,100,-1.121,-0.075,-3.086,0.000,1,0,475,39,3.123,-0.075,1
1787899248.862,8754,100,-1.121,-0.075,-3.086,0.000,1,0,476,39,3.093,-0.075,1
1787899248.962,8755,100,-1.121,-0.075,-3.086,0.000,1,0,476,39,3.093,-0.075,1
1787899249.062,8756,100,-1.121,-0.075,-3.086,0.000,1,0,477,39,3.063,-0.075,1
1787899249.162,8757,100,-1.121,-0.075,-3.086,0.000,1,0,479,39,3.003,-0.075,1
1787899249.262,8758,100,-1.121,-0.075,-3.086,0.000,1,0,479,39,3.003,-0.075,1
1787899249.363,8759,100,-1.121,-0.075,-3.086,0.000,1,0,480,39,2.973,-0.075,1
1787899249.463,8760,100,-1.121,-0.075,-3.086,0.000,1,0,481,39,2.943,-0.075,1
1787899249.563,8761,100,-1.121,-0.075,-3.086,0.000,1,0,482,39,2.913,-0.075,1
1787899249.663,8762,100,-1.121,-0.075,-3.086,0.000,1,0,484,39,2.853,-0.075,1
1787899249.763,8763,100,-1.121,-0.075,-3.086,0.000,1,0,484,39,2.853,-0.075,1
1787899249.863,8764,100,-1.121,-0.075,-3.086,0.000,1,0,485,39,2.823,-0.075,1
1787899249.963,8765,100,-1.121,-0.075,-3.086,0.000,1,0,487,39,2.763,-0.075,1
1787899250.063,8766,100,-1.121,-0.075,-3.086,0.000,1,0,487,39,2.763,-0.075,1
1787899250.162,8767,94,-1.121,-0.075,-3.086,0.000,1,0,488,39,2.733,-0.075,1
1787899250.262,8768,106,-1.121,-0.075,-3.086,0.000,1,0,489,39,2.703,-0.075,1
1787899250.362,8769,100,-1.121,-0.075,-3.086,0.000,1,0,490,39,2.673,-0.075,1
1787899250.462,8770,100,-1.121,-0.075,-3.086,0.000,1,0,491,39,2.643,-0.075,1
1787899250.563,8771,100,-1.121,-0.075,-3.086,0.000,1,0,492,39,2.613,-0.075,1
1787899250.664,8772,100,-1.121,-0.075,-3.086,0.000,1,0,493,39,2.583,-0.075,1
1787899250.765,8773,100,-1.121,-0.075,-3.086,0.000,1,0,494,39,2.553,-0.075,1
1787899250.862,8774,100,-1.121,-0.075,-3.086,0.000,1,0,495,39,2.523,-0.075,1
1787899250.963,8775,100,-1.121,-0.075,-3.086,0.000,1,0,496,39,2.493,-0.075,1
1787899251.063,8776,100,-1.121,-0.075,-3.086,0.000,1,0,496,39,2.493,-0.075,1
1787899251.163,8777,100,-1.121,-0.075,-3.086,0.000,1,0,498,39,2.433,-0.075,1
1787899251.262,8778,100,-1.121,-0.075,-3.086,0.000,1,0,498,39,2.433,-0.075,1
1787899251.363,8779,101,-1.121,-0.075,-3.086,0.000,1,0,499,39,2.403,-0.075,1
1787899251.463,8780,96,-1.121,-0.075,-3.086,0.000,1,0,500,39,2.373,-0.075,1
1787899251.562,8781,103,-1.121,-0.075,-3.086,0.000,1,0,501,39,2.343,-0.075,1
1787899251.662,8782,100,-1.121,-0.075,-3.086,0.000,1,0,502,39,2.312,-0.075,1
1787899251.762,8783,95,-1.121,-0.075,-3.086,0.000,1,0,503,39,2.282,-0.075,1
1787899251.864,8784,105,-1.121,-0.075,-3.086,0.000,1,0,503,39,2.282,-0.075,1
1787899251.962,8785,100,-1.121,-0.075,-3.086,0.000,1,0,505,39,2.222,-0.075,1
1787899252.063,8786,100,-1.121,-0.075,-3.086,0.000,1,0,505,39,2.222,-0.075,1
1787899252.162,8787,100,-1.121,-0.075,-3.086,0.000,1,0,506,39,2.192,-0.075,1
1787899252.262,8788,100,-1.121,-0.075,-3.086,0.000,1,0,507,39,2.162,-0.075,1
1787899252.363,8789,100,-1.121,-0.075,-3.086,0.000,1,0,508,39,2.132,-0.075,1
1787899252.463,8790,100,-1.121,-0.075,-3.086,0.000,1,0,509,39,2.102,-0.075,1
1787899252.564,8791,99,-1.121,-0.075,-3.086,0.000,1,0,510,39,2.072,-0.075,1
1787899252.663,8792,102,-1.121,-0.075,-3.086,0.000,1,0,511,39,2.042,-0.075,1
1787899252.763,8793,101,-1.121,-0.075,-3.086,0.000,1,0,513,39,1.982,-0.075,1
1787899252.863,8794,97,-1.121,-0.075,-3.086,0.000,1,0,515,39,1.922,-0.075,1
1787899252.964,8795,100,-1.121,-0.075,-3.086,0.000,1,0,515,39,1.922,-0.075,1
1787899253.063,8796,100,-1.121,-0.075,-3.086,0.000,1,0,515,39,1.922,-0.075,1
1787899253.162,8797,100,-1.121,-0.075,-3.086,0.000,1,0,515,39,1.922,-0.075,1
1787899253.263,8798,100,-1.121,-0.075,-3.086,0.000,1,0,515,39,1.922,-0.075,1
1787899253.362,8799,100,-1.121,-0.075,-3.086,0.000,1,0,515,39,1.922,-0.075,1
1787899253.462,8800,100,-1.121,-0.075,-3.086,0.000,1,0,515,39,1.922,-0.075,1
1787899253.562,8801,100,-1.121,-0.075,-3.086,0.000,1,0,515,39,1.922,-0.075,1
1787899253.662,8802,100,-1.121,-0.075,-3.086,0.000,1,0,515,39,1.922,-0.075,1
1787899253.762,8803,97,-1.121,-0.075,-3.086,0.000,1,0,515,39,1.922,-0.075,1
1787899253.863,8804,103,-1.121,-0.075,-3.086,0.000,1,0,520,39,1.772,-0.075,1
1787899253.963,8805,101,-1.121,-0.075,-3.086,0.000,1,0,520,39,1.772,-0.075,1
1787899254.063,8806,99,-1.121,-0.075,-3.086,0.000,1,0,520,39,1.772,-0.075,1
1787899254.163,8807,99,-1.121,-0.075,-3.086,0.000,1,0,520,39,1.772,-0.075,1
1787899254.265,8808,94,-1.121,-0.075,-3.086,0.000,1,0,520,39,1.772,-0.075,1
1787899254.362,8809,106,-1.121,-0.075,-3.086,0.000,1,0,520,39,1.772,-0.075,1
1787899254.463,8810,101,-1.121,-0.075,-3.086,0.000,1,0,520,39,1.772,-0.075,1
1787899254.563,8811,98,-1.121,-0.075,-3.086,0.000,1,0,520,39,1.772,-0.075,1
1787899254.662,8812,100,-1.121,-0.075,-3.086,0.000,1,0,520,39,1.772,-0.075,1
1787899254.763,8813,100,-1.121,-0.075,-3.086,0.000,1,0,520,39,1.772,-0.075,1
1787899254.863,8814,102,-1.121,-0.075,-3.086,0.000,1,0,520,39,1.772,-0.075,1
1787899254.962,8815,99,-1.121,-0.075,-3.086,0.000,1,0,520,39,1.772,-0.075,1
1787899255.062,8816,100,-1.121,-0.075,-3.086,0.000,1,0,520,39,1.772,-0.075,1
1787899255.162,8817,100,-1.121,-0.075,-3.086,0.000,1,0,520,39,1.772,-0.075,1
1787899255.262,8818,100,-1.121,-0.075,-3.086,0.000,1,0,520,39,1.772,-0.075,1
1787899255.363,8819,97,-1.121,-0.075,-3.086,0.000,1,0,520,39,1.772,-0.075,1
1787899255.462,8820,103,-1.121,-0.075,-3.086,0.000,1,0,520,39,1.772,-0.075,1
1787899255.562,8821,100,-1.121,-0.075,-3.086,0.000,1,0,520,39,1.772,-0.075,1
1787899255.662,8822,97,-1.121,-0.075,-3.086,0.000,1,0,520,39,1.772,-0.075,1
1787899255.764,8823,100,-1.121,-0.075,-3.086,0.000,1,0,520,39,1.772,-0.075,1
1787899255.863,8824,102,-1.121,-0.075,-3.086,0.000,1,0,520,39,1.772,-0.075,1
1787899255.963,8825,100,-1.121,-0.075,-3.086,0.000,1,0,520,39,1.772,-0.075,1
1787899256.063,8826,101,-1.121,-0.075,-3.086,0.000,1,0,520,39,1.772,-0.075,1
1787899256.163,8827,97,-1.121,-0.075,-3.086,0.000,1,0,520,39,1.772,-0.075,1
1787899256.263,8828,100,-1.121,-0.075,-3.086,0.000,1,0,520,39,1.772,-0.075,1
1787899256.364,8829,103,-1.121,-0.075,-3.086,0.000,1,0,520,39,1.772,-0.075,1
1787899256.463,8830,97,-1.121,-0.075,-3.086,0.000,1,0,520,39,1.772,-0.075,1
1787899256.563,8831,100,-1.121,-0.075,-3.086,0.000,1,0,520,39,1.772,-0.075,1
1787899256.663,8832,102,-1.121,-0.075,-3.086,0.000,1,0,520,39,1.772,-0.075,1
1787899256.763,8833,94,-1.121,-0.075,-3.086,0.000,1,0,520,39,1.772,-0.075,1
1787899256.863,8834,107,-1.121,-0.075,-3.086,0.000,1,0,520,39,1.772,-0.075,1
1787899256.962,8835,100,-1.121,-0.075,-3.086,0.000,1,0,520,39,1.772,-0.075,1
1787899257.063,8836,100,-1.121,-0.075,-3.086,0.000,1,0,520,39,1.772,-0.075,1
1787899257.163,8837,100,-1.121,-0.075,-3.086,0.000,1,0,520,39,1.772,-0.075,1
1787899257.263,8838,100,-1.121,-0.075,-3.086,0.000,1,0,520,39,1.772,-0.075,1
1787899257.363,8839,99,-1.121,-0.075,-3.086,0.000,1,0,520,39,1.772,-0.075,1
1787899257.462,8840,101,-1.121,-0.075,-3.086,0.000,1,0,520,39,1.772,-0.075,1
1787899257.562,8841,100,-1.121,-0.075,-3.086,0.000,1,0,520,39,1.772,-0.075,1
1787899257.662,8842,100,-1.121,-0.075,-3.086,0.000,1,0,520,39,1.772,-0.075,1
1787899257.763,8843,100,-1.121,-0.075,-3.086,0.000,1,0,520,39,1.772,-0.075,1
1787899257.863,8844,100,-1.121,-0.075,-3.086,0.000,1,0,520,39,1.772,-0.075,1
1787899257.962,8845,100,-1.121,-0.075,-3.086,0.000,1,0,520,39,1.772,-0.075,1
1787899258.062,8846,100,-1.121,-0.075,-3.086,0.000,1,0,520,39,1.772,-0.075,1
1787899258.162,8847,100,-1.121,-0.075,-3.086,0.000,1,0,520,39,1.772,-0.075,1
1787899258.262,8848,100,-1.121,-0.075,-3.086,0.000,1,0,520,39,1.772,-0.075,1
1787899258.363,8849,100,-1.121,-0.075,-3.086,0.000,1,0,520,39,1.772,-0.075,1
1787899258.462,8850,100,-1.121,-0.075,-3.086,0.000,1,0,520,39,1.772,-0.075,1
1787899258.562,8851,100,-1.121,-0.075,-3.086,0.000,1,0,520,39,1.772,-0.075,1
1787899258.662,8852,100,-1.121,-0.075,-3.086,0.000,1,0,520,39,1.772,-0.075,1
1787899258.762,8853,100,-1.121,-0.075,-3.086,0.000,1,0,520,39,1.772,-0.075,1
1787899258.863,8854,100,-1.121,-0.075,-3.086,0.000,1,0,520,39,1.772,-0.075,1
1787899258.962,8855,100,-1.121,-0.075,-3.086,0.000,1,0,520,39,1.772,-0.075,1
1787899259.063,8856,100,-1.121,-0.075,-3.086,0.000,1,0,520,39,1.772,-0.075,1
1787899259.163,8857,100,-1.121,-0.075,-3.086,0.000,1,0,520,39,1.772,-0.075,1
1787899259.264,8858,100,-1.121,-0.075,-3.086,0.000,1,0,520,39,1.772,-0.075,1
1787899259.363,8859,100,-1.121,-0.075,-3.086,0.000,1,0,520,39,1.772,-0.075,1
1787899259.464,8860,100,-1.121,-0.075,-3.086,0.000,1,0,520,39,1.772,-0.075,1
1787899259.563,8861,100,-1.121,-0.075,-3.086,0.000,1,0,520,39,1.772,-0.075,1
1787899259.664,8862,100,-1.121,-0.075,-3.086,0.000,1,0,520,39,1.772,-0.075,1
1787899259.763,8863,97,-1.121,-0.075,-3.086,0.000,1,0,520,39,1.772,-0.075,1
1787899259.863,8864,104,-1.121,-0.075,-3.086,0.000,1,0,520,39,1.772,-0.075,1
1787899259.963,8865,99,-1.121,-0.075,-3.086,0.000,1,0,520,39,1.772,-0.075,1
1787899260.062,8866,96,-1.121,-0.075,-3.086,0.000,1,0,520,39,1.772,-0.075,1
1787899260.163,8867,97,-1.121,-0.075,-3.086,0.000,1,0,520,39,1.772,-0.075,1
1787899260.263,8868,108,-1.121,-0.075,-3.086,0.000,1,0,520,39,1.772,-0.075,1
1787899260.362,8869,96,-1.121,-0.075,-3.086,0.000,1,0,520,39,1.772,-0.075,1
1787899260.463,8870,100,-1.121,-0.075,-3.086,0.000,1,0,520,39,1.772,-0.075,1
1787899260.563,8871,103,-1.121,-0.075,-3.086,0.000,1,0,520,39,1.772,-0.075,1
1787899260.663,8872,93,-1.121,-0.075,-3.086,0.000,1,0,520,39,1.772,-0.075,1
1787899260.763,8873,100,-1.121,-0.075,-3.086,0.000,1,0,520,39,1.772,-0.075,1
1787899260.862,8874,100,-1.121,-0.075,-3.086,0.000,1,0,520,39,1.772,-0.075,1
1787899260.962,8875,103,-1.121,-0.075,-3.086,0.000,1,0,520,39,1.772,-0.075,1
1787899261.062,8876,97,-1.121,-0.075,-3.086,0.000,1,0,520,39,1.772,-0.075,1
1787899261.163,8877,106,-1.121,-0.075,-3.086,0.000,1,0,520,39,1.772,-0.075,1
1787899261.263,8878,100,-1.121,-0.075,-3.086,0.000,1,0,520,39,1.772,-0.075,1
1787899261.363,8879,100,-1.121,-0.075,-3.086,0.000,1,0,520,39,1.772,-0.075,1
1787899261.462,8880,100,-1.121,-0.075,-3.086,0.000,1,0,520,39,1.772,-0.075,1
1787899261.562,8881,94,-1.121,-0.075,-3.086,0.000,1,0,520,39,1.772,-0.075,1
1787899261.662,8882,101,-1.121,-0.075,-3.086,0.000,1,0,520,39,1.772,-0.075,1
1787899261.763,8883,105,-1.121,-0.075,-3.086,0.000,1,0,520,39,1.772,-0.075,1
1787899261.862,8884,100,-1.121,-0.075,-3.086,0.000,1,0,520,39,1.772,-0.075,1
1787899261.962,8885,100,-1.121,-0.075,-3.086,0.000,1,0,520,39,1.772,-0.075,1
1787899262.064,8886,100,-1.121,-0.075,-3.086,0.000,1,0,520,39,1.772,-0.075,1
1787899262.162,8887,96,-1.121,-0.075,-3.086,0.000,1,0,520,39,1.772,-0.075,1
1787899262.263,8888,102,-1.121,-0.075,-3.086,0.000,1,0,520,39,1.772,-0.075,1
1787899262.363,8889,102,-1.121,-0.075,-3.086,0.000,1,0,520,39,1.772,-0.075,1
1787899262.463,8890,100,-1.121,-0.075,-3.086,0.000,1,0,520,39,1.772,-0.075,1
1787899262.563,8891,100,-1.121,-0.075,-3.086,0.000,1,0,520,39,1.772,-0.075,1
1787899262.664,8892,100,-1.121,-0.075,-3.086,0.000,1,0,520,39,1.772,-0.075,1
1787899262.763,8893,100,-1.121,-0.075,-3.086,0.000,1,0,520,39,1.772,-0.075,1
1787899262.863,8894,100,-1.121,-0.075,-3.086,0.000,1,0,520,39,1.772,-0.075,1
1787899262.963,8895,98,-1.121,-0.075,-3.086,0.000,1,0,520,39,1.772,-0.075,1
1787899263.063,8896,102,-1.121,-0.075,-3.086,0.000,1,0,520,39,1.772,-0.075,1
1787899263.162,8897,100,-1.121,-0.075,-3.086,0.000,1,0,520,39,1.772,-0.075,1
1787899263.263,8898,100,-1.121,-0.075,-3.086,0.000,1,0,520,39,1.772,-0.075,1
1787899263.362,8899,100,-1.121,-0.075,-3.086,0.000,1,0,520,39,1.772,-0.075,1
1787899263.463,8900,95,-1.121,-0.075,-3.086,0.000,1,0,520,39,1.772,-0.075,1
1787899263.563,8901,99,-1.121,-0.075,-3.086,0.000,1,0,520,39,1.772,-0.075,1
1787899263.663,8902,100,-1.121,-0.075,-3.086,0.000,1,0,520,39,1.772,-0.075,1
1787899263.763,8903,104,-1.121,-0.075,-3.086,0.000,1,0,520,39,1.772,-0.075,1
